migpuma_name,net migration,median_real_wage,n_out,n_in,top_place_population,proportion_in_named_place
Houston City,5603,25338.857142857145,107138,112741,1855853,0.45348114666512235
Maricopa County,4648,28033.45081967213,95644,100292,2347175,0.6149077955954717
Tarrant County,4648,29830.08510638296,46211,50859,1232610,0.6813636449066187
Clark County,4577,28063,69415,73992,1682013,0.8620097997764532
Denver City,4394,32123.976470588233,72326,76720,626647,0.1655965534399932
Denton County,3839,36382.20000000009,14858,18697,662614,1
San Antonio City,3647,25872.96202531654,40964,44611,1098896,0.640840507752338
Broward County,3454,23201.822916666646,41060,44514,1748066,1
Charlotte City,3415,23021.516129032254,21117,24532,569337,0.6190948948922825
Sacramento County,2984,24588.373626373632,33660,36644,1418788,1
El Paso County,2622,28078.55670103092,19406,22028,534065,0.8272215708171924
Orange County,2587,23630.870370370438,28883,31470,1145956,1
Pinellas County,2398,24599.749999999956,20356,22754,916542,1
Columbus,2388,26207.71014492757,28018,30406,719357,0.6183155781175059
Riverside County,2357,28971.75342465753,39862,42219,2189641,1
Palm Beach County,2324,24038.50000000001,26506,28830,1320134,1
Capital Area COG,2249,33240.15789473694,8801,11050,322567,0.7631488671071901
Atlanta Regional Commission,2227,25753.454545454566,15953,18180,688078,1
Pierce County,2084,31039.799999999996,19487,21571,795225,1
Duval County,2039,21953.026548672548,23488,25527,864263,1
Spokane County,1972,28712.121212121223,9021,10993,471221,1
Contra Costa County,1890,38516.83783783787,14606,16496,1049025,1
Hillsborough County,1832,25714.45544554406,31956,33788,1229226,1
Manatee County,1821,28718.29032258063,6107,7928,322833,1
Snohomish County,1648,38571.39999999987,16098,17746,713335,1
Ada County,1643,26296.05309734513,14004,15647,313009,0.4872842700442435
Prince George's County,1627,33656.9090909091,18377,20004,863420,1
Tulsa County,1614,27001.92857142857,22878,24492,505560,0.5510665223490633
Montgomery County,1550,30783,7357,8907,799874,1
Outer Manchester City,1549,35753.5,17610,19159,303394,0.30645084720082827
Lee County,1537,25077.13513513513,11347,12884,618754,1
Middlesex County,1518,32636.399999999972,57958,59476,952794,0.1749691855434289
San Bernardino County,1476,28519.909090909092,37192,38668,2035210,1
Atlanta Regional Commission,1470,20311.125,8274,9744,259424,1
Solano County,1463,40188.72340425531,8670,10133,413344,1
Austin City,1450,27373.464285714283,24688,26138,810975,0.7917621008605187
Des Moines City,1436,32618.699999999997,14346,15782,193211,0.30725474293529254
Oklahoma County,1402,25217.261904761905,21129,22531,718633,1
Kansas City,1335,35150.46464646464,6361,7696,106591,0.342448941563511
Albuquerque City,1303,20402.468750000025,14516,15819,638160,0.863389944705486
Horry County,1207,26007.514285714282,6615,7822,269291,1
Wake County,1203,30452.6,19026,20229,642389,0.7129789021668315
Kern County,1178,28037.333333333336,18728,19906,839631,1
Kent County,1115,22340.999999999975,12303,13418,602622,1
Washoe County,1113,26480.44262295082,11497,12610,421407,1
Galveston County,1100,28000.58620689657,7044,8144,291309,1
Thurston County,1067,35358.947368421046,5285,6352,252264,1
Coastal Regional Commission,1060,26937.52941176471,6265,7325,265128,1
San Joaquin County,1046,30520.021739130436,13212,14258,685306,1
Stanislaus County,1042,26260.66666666666,10355,11397,514453,1
Cass County,1034,34486.81395348835,3797,4831,149778,1
Texoma COG,995,30639.05844155844,4481,5476,193229,1
Volusia County,993,23035.76470588235,8941,9934,487675,0.8261631167106281
Newport News City,988,24542.846153846156,5084,6072,180719,1
Durham County,975,25904.222222222226,6551,7526,267587,1
Houston-Galveston Area Council,972,44256.229357798155,4841,5813,313166,1
South Plains Association of Governments,962,21371.55555555555,7742,8704,278831,1
Charleston,905,28348.223880597012,15467,16372,330048,0.4966062650558902
Washington County,905,31890.964285714297,11032,11937,529710,1
Charlotte County,896,21341.571428571428,2669,3565,159978,1
Toledo City,888,23717.983193277316,15129,16017,280271,0.43024028712261814
Clay County,886,27896.499999999996,4238,5124,190865,1
Rensselaer County,882,41116.07692307689,2760,3642,159429,1
Panhandle Regional Planning Commission,880,46146.230769230766,2614,3494,120725,1
Westmoreland County,875,28606.840000000004,4114,4989,365169,1
North Texas Regional Planning Commission,864,21773.600000000002,2884,3748,131500,1
Dallas County,858,23990.169811320753,61977,62835,1148731,0.48507752289878253
Hawkins & Sullivan,857,19661.79661016949,3587,4444,107304,0.5022278803309994
Montgomery County,856,20674.26865671642,13696,14552,535153,1
"Coffee, Franklin, Lincoln & Moore Counties",834,25632.553571428576,2334,3168,NA,NA
Nashville-Davidson,827,22114.685714285715,15871,16698,626681,1
Lake,820,20764.984615384616,6337,7157,315908,0.46449886414597746
Westchester County,813,32934.210526315794,10407,11220,946520,0.902459232873421
Bluegrass Area Development District,803,26232.897959183672,7655,8458,295803,1
Weber County,801,28436.156249999985,4534,5335,231236,1
Johnson County,799,31177.424657534248,2589,3388,139654,1
Indian River County,795,27121.86956521738,2113,2908,138028,1
Benton County,791,31479.65217391305,4112,4903,221339,1
Johnson County,791,31760.263157894715,10363,11154,544179,1
Central Rhode Island,777,35956.968,2573,3350,166158,1
West North Dakota,763,42893.8983050847,5600,6363,174685,1
New Castle County,758,25637.607594936708,8842,9600,538479,1
Marion County,754,21758.499999999996,5307,6061,331298,1
Davidson County,753,24787.076923076922,3132,3885,162878,1
Rutherford County,743,32111.255813953485,5952,6695,262604,1
Northern Kentucky Area Development District,736,22411.27419354837,2535,3271,118811,1
South Region,735,22592.591836734693,6160,6895,187105,1
Washtenaw County,735,23386.407407407412,4770,5505,344791,1
Atlanta & Northeast Georgia Regional Commissions,734,25161.55319148936,3148,3882,185173,1
Martin County,731,18831.02564102564,2312,3043,146318,1
"Dodge, Cass, Saunders & Washington Counties",728,29287.304,1828,2556,102946,1
Allegheny County,726,25905.963636363642,18809,19535,914241,0.7473270075236155
Atlanta Regional Commission,718,32398.780269058298,3946,4664,203922,1
Dane County,715,29268.208333333332,9320,10035,376244,0.7708764877385145
East Texas COG,715,25329.296296296296,4293,5008,209714,1
"Tipton, Fayette & Lauderdale Counties",714,21465.307692307695,1879,2593,127309,1
Chesterfield County,709,34373.086956521736,5275,5984,316236,1
Coastal Bend COG,697,28591.4545454545,10529,11226,340223,1
York County,691,26605.75471698113,3509,4200,226073,1
George Washington Regional Commission,690,36739.4358974359,3196,3886,349052,1
Sarasota County,683,25755.866666666665,6040,6723,379448,1
Northwest Wisconsin,673,25360.254901960783,2648,3321,178774,1
Pickens & Oconee Counties,663,25233.499999999993,2888,3551,193497,1
Baltimore County,660,37149.56000000002,11766,12426,805029,1
Southwest Nebraska,659,23621.767441860466,2199,2858,NA,NA
"Central Sands--Wood, Portage, Juneau & Adams Counties",655,24162.741935483868,2797,3452,NA,NA
St. Joseph County,654,20065.89830508475,4434,5088,266931,1
"Riley, Geary & Pottawatomie Counties",649,27007.6779661017,3007,3656,127081,1
Central Shenandoah Planning District Commission,646,28964.275862068964,1804,2450,125228,1
Cumberland County,633,32961.11627906974,4040,4673,144169,0.5123731674811195
Walworth County,626,21690.47272727273,1538,2164,NA,NA
Virginia Beach City,626,34140.21052631579,11714,12340,437994,1
"Stephens, Caddo, Comanche",625,26681.000000000004,5941,6566,113117,0.515567243838963
Schuylkill County,624,29067.4375,1979,2603,NA,NA
Coastal Bend COG,621,32609.28571428571,2418,3039,127206,1
"Lauderdale, Colbert, Franklin & Marion",617,19673.766666666645,5510,6127,186695,0.6052780884760655
Northwest Georgia Regional Commission,612,30989.857142857112,2945,3557,333144,1
Sutter & Yuba Counties,611,31084.545454545463,4075,4686,166892,1
Pitt County,606,19330.6,4185,4791,168148,1
Santa Rosa County,604,40741.36111111112,3072,3676,151372,1
"Mower, Steele, Freeborn & Dodge Counties",603,29149.076923076933,1917,2520,127081,1
Tooele & Box Elder Counties,601,38463.02325581395,1921,2522,216386,1
St. Johns County,601,30914,4437,5038,163641,0.6189075010495342
Camden County,592,23964.921875,6952,7544,513657,1
Bergen County,579,31087.08910891089,7370,7949,905116,1
Grant & Kittitas Counties,577,37627.65178571428,2591,3168,NA,NA
Yavapai County,571,24058.999999999993,4047,4618,211033,1
Jefferson County,570,35624.95555555557,4313,4883,218733,1
South Central Planning & Development Commission 3,569,31613.850000000002,2079,2648,111860,1
East Montana,564,22937.249999999993,5620,6184,141259,0.577198731673831
Alexandria City,561,38360.867469879515,2612,3173,139966,1
Faulkner & Lonoke Counties,560,25557.797752809,3712,4272,181593,1
Union County,559,21891.03999999996,7145,7704,536499,1
Lexington,555,27193.103448275862,5551,6106,162725,0.5764952208200775
Allen County,555,24732.975000000017,7903,8458,355329,1
Coordinating & Development Corporation 3,552,30315.950000000004,2735,3287,158186,1
South Central North Dakota,546,58346.56989247312,2157,2703,119563,1
Gaston County,543,27770.24999999998,3995,4538,206086,1
Sevier & Jefferson Counties,542,18528.854166666682,2910,3452,141296,1
Harnett County,541,28243.363636363636,2400,2941,NA,NA
Central Texas COG,539,20003.421052631576,3670,4209,176700,1
Crater Planning District Commission,531,28656.358974358973,3724,4255,173463,1
Clark County,530,30469.153846153815,10435,10965,425363,1
"Johnson, Lafayette, Ray, Clinton & Caldwell Counties",529,24672.714285714275,2593,3122,139637,1
Richmond City,529,24296.989795918365,5544,6073,204214,1
"Berkeley, Jefferson, Mineral, Hampshire & Morgan Counties",528,35382.535211267605,2860,3388,909536,1
St. Clair County,527,26774.829787234034,3731,4258,163040,1
"Phelps, Crawford, Dent, Gasconade & Maries Counties",526,32080.44999999998,1718,2244,NA,NA
"Taney, Barry, Stone & McDonald Counties",526,19527.791208791212,3052,3578,142557,1
Jefferson & Lewis Counties,525,23274.705882352937,3459,3984,143316,1
"Garland, Hot Spring, Clark & Montgomery Counties",521,17673.08597285068,3538,4059,161429,1
Outer Green Bay City,512,32023.738461538473,5746,6258,143053,0.5768103319664364
Montgomery City & Pike Road Town,510,21944.84971098266,9206,9716,196534,0.5247399448918127
Yuma County,501,24235.89999999999,5026,5527,195751,1
Northeast Georgia Regional Commission,501,29939.111111111113,880,1381,111987,1
Sedgwick,500,25384.507692307696,12717,13217,476046,0.7948287693532956
Madison County,491,33035.42105263158,4807,5298,269282,1
Fresno County,489,22526.63157894736,20927,21416,930450,1
Marion County,485,24958.689655172413,6871,7356,315335,1
Central Region,483,33492.931818181816,3230,3713,169120,1
Lane County,480,27423.12499999999,7858,8338,351715,1
Capital Region Planning Commission 5,480,25842.962962962967,1632,2112,107215,1
River Valley Regional Commission,479,21721.102040816328,7003,7482,201152,1
Bluegrass Area Development District,477,28175.316582914573,2205,2682,116976,1
Washington County,477,27229.47058823529,3275,3752,138115,1
Concho Valley COG,475,28101.134453781513,2246,2721,110224,1
Barren River Area Development District,474,24945.781512605045,2575,3049,113792,1
Limestone & Madison,471,22746.00000000001,10801,11272,171821,0.33650012142291996
"Pulaski, Camden, Miller & Morgan Counties",471,22101.969696969696,2542,3013,NA,NA
Escambia County,471,22886.92727272728,5723,6194,297619,1
Alamance County,468,23318.499999999993,3347,3815,151131,1
Lancaster County,466,27277.714285714283,6041,6507,285407,1
North Delta Region,465,39175.6992481203,3140,3605,161252,1
Whatcom County,463,32038.00000000001,3778,4241,201140,1
Sebastian & Crawford Counties,461,17934.492307692308,4434,4895,187692,1
Anoka County,460,35818.43037974683,6356,6816,330844,1
"St. Francois, Washington, Perry & Ste. Genevieve Counties",458,35621.12903225806,2229,2687,NA,NA
Kanawha & Clay Counties,454,17855.66666666665,3791,4245,202449,1
Clackamas County,453,34071.2,7136,7589,375992,1
Capital Region Planning Commission 7,453,27674.062992125986,3078,3531,168265,1
Ingham County,453,23204.1935483871,5883,6336,280895,1
"Garfield, Kay & Noble Counties--Enid City",452,39144.92307692306,3284,3736,NA,NA
Capital Area COG,449,40004.49438202249,2769,3218,157107,1
Winston-Salem City,448,22453.615384615383,7380,7828,224408,0.6399406849744774
Henrico County,448,27567.728395061727,6228,6676,306935,1
"Alpine, Amador, Calaveras, Inyo, Mariposa, Mono & Tuolumne Counties",447,23933.000000000004,2784,3231,NA,NA
Panhandle Regional Planning Commission,445,30852.15909090909,3861,4306,186129,1
"Franklin, Vance & Warren",444,20203.909090909092,3093,3537,120854,1
Regional Planning Commission 4,438,22820.597560975602,9691,10129,136959,0.27866023996370226
"Haywood, Madison, Swain, Graham & Jackson",435,18818.77272727266,3007,3442,108552,1
Permian Basin Regional Planning Commission,435,45978.56060606061,3884,4319,136872,1
Seminole County,435,26223.291666666646,6960,7395,422718,1
Kisatchie Delta Regional Planning & Development District 2,432,25296.901408450707,3028,3460,183947,1
Berks County,429,28641.375,7014,7443,411442,1
Greenville County,427,26305,9848,10275,365635,0.7061835360648329
Sheboygan County,426,30601.083333333332,1920,2346,115507,1
Onondaga County,425,25187.142857141862,7787,8212,431813,0.7893454369968486
Miami County,425,25995.19999999999,2873,3298,102506,1
Sampson & Duplin Counties,421,18743.31343283582,2114,2535,NA,NA
"Morgan, Putnam & Brown Counties",420,29219.08641975308,2486,2906,122099,1
Licking County,418,23922.411764705877,3316,3734,166492,1
Northeast South Dakota,417,24547.44827586208,2493,2910,NA,NA
Kankakee County,417,41387.61538461538,1736,2153,113449,1
Anne Arundel County,415,44285.4328358209,8494,8909,537656,1
King County,413,35601.67999999999,39865,40278,1322743,0.6849158239046338
Tippecanoe County,412,32498.307692307688,3740,4152,172780,1
West Central Minnesota,410,30858.547169811318,1800,2210,NA,NA
Ocean County,410,30775.999999999996,6944,7354,576567,1
Southern Georgia Regional Commission,407,20949.59999999998,2031,2438,336778,1
"Campbell, Claiborne, Scott, Morgan & Hancock Counties",407,18930.629629629628,1233,1640,123963,1
Sauk & Columbia Counties,407,26440.88888888889,2197,2604,118809,1
George Washington Regional Commission,404,39734.87804878049,3056,3460,153247,1
"Blue Earth, Nicollet & Waseca Counties",403,27571.62068965518,1755,2158,115876,1
Collin County,401,39296.04651162789,13249,13650,782341,1
"Hoke, Richmond & Scotland Counties",400,15715.315789473681,2333,2733,129748,1
Permian Basin Regional Planning Commission,399,36859.3125,3819,4218,137130,1
Alamo Area COG,399,41152.857142857145,1681,2080,108472,1
Eaton & Clinton Counties,398,29681.86956521739,2969,3367,183141,1
LaPorte County,397,15803.63694267516,2084,2481,111467,1
Deep East Texas COG (West) & Walker County,397,28893,2444,2841,NA,NA
West South Dakota,392,27695.698113207553,4569,4961,173042,1
Macomb County,391,31403.988095238095,16173,16564,840978,1
Kane County,389,29118.25,8068,8457,515269,1
Boone County,388,22579.956521739125,2703,3091,162642,1
Sussex County,386,27861.5,2526,2912,197145,1
Washington County,385,22474.827586206862,4414,4799,203065,1
Linn & Benton Counties,384,30176.384615384613,3563,3947,404502,1
"Cumberland, White, Fentress & Van Buren Counties",382,21640.878048780487,1644,2026,NA,NA
Santa Barbara County,380,31240,6777,7157,423895,1
Southeast Nebraska,379,26117.50000000004,2443,2822,138733,1
"Cabell, Wayne & Mason Counties",379,19992.661417322837,2320,2699,166124,1
St. Lucie County,378,21030,5641,6019,277789,1
Polk County,377,25926.52941176473,11877,12254,602095,1
Greene County,376,24634.545454545463,9614,9990,236645,0.6086579663475635
Lee County,374,22568.12068965517,2239,2613,140247,1
Union,373,31115.325581395333,3688,4061,116845,0.5119391868208903
Pottawatomie,372,26358.999999999985,3790,4162,127255,0.5473333333333333
Shawnee,369,27371.707317073175,4206,4575,120448,0.5359723754939304
Sonoma County,368,32293.212765957447,8062,8430,483878,1
Knox County,366,27374.2,9451,9817,248067,0.4711946115973742
"Iosco, Gladwin, Roscommon, Ogemaw & Arenac Counties",365,22275.14285714285,1434,1799,NA,NA
Brazos Valley COG,365,28904.538461538454,1866,2231,149353,1
Muskegon County,364,30629.329268292735,3878,4242,172188,1
Arlington County,362,53895.22651933702,1951,2313,207627,1
Central Texas COG,362,26563.85714285714,10649,11011,310235,1
Atlanta Regional Commission,358,27181.515789473684,14807,15165,805321,1
La Crosse County,357,33224.71782178218,2157,2514,114638,1
Kenosha County,357,25827.381818181813,3206,3563,166426,1
Douglas County,354,20817.076923076922,2078,2432,NA,NA
Northeast Georgia Regional Commission,353,16805.18390804597,2133,2486,116714,1
Loudoun County,351,44841.863636363705,2852,3203,312311,1
Tazewell County,345,25283.949152542373,2544,2889,135394,1
Lake County,341,32603.512195122014,3794,4135,208587,0.6449216213709303
"Colusa, Glenn, Tehama & Trinity Counties",341,17942.72727272727,2263,2604,NA,NA
New London County,338,29763.33009708738,5338,5676,274055,1
Hawaii County,337,22487.901098901097,2018,2355,NA,NA
Atlantic County,336,20687.731958762906,6580,6916,263754,0.5496317783418148
Richland County,336,23935.882352941186,2783,3119,124475,1
York County,332,33290.78481012658,7522,7854,434972,1
Northwest Georgia Regional Commission,330,34407.90540540539,3050,3380,100157,1
Lake & Mendocino Counties,328,14091.014084507042,2967,3295,NA,NA
Williamson County,326,33459.71875000001,2277,2603,183182,1
Northeast Georgia Regional Commission,326,40558.47999999999,1561,1887,115536,1
Kennebec County,325,16372.647058823522,2147,2472,NA,NA
Mahoning County,323,20629.98113207548,8428,8751,197201,0.4390684315406281
Jackson County,321,21057.599999999995,4701,5022,203206,1
Bluegrass Area Development District (Southeast),317,21472.37209302326,2232,2549,NA,NA
Wayne County,317,19492.041237113404,3050,3367,122623,1
Hamilton County,316,38450.769230769234,4790,5106,223021,0.6733542868702239
Clark County,314,23935.059999999998,1538,1852,110232,1
"Elmore, Jerome, Blaine, Minidoka, Gooding, Lincoln & Camas Counties",313,25311.6923076923,2250,2563,NA,NA
Warren County,311,30218.199999999983,1502,1813,108692,1
Jefferson County,308,23246.222222222223,5219,5527,252273,1
Chautauqua County,307,16050.696969696975,2202,2509,NA,NA
Butler County,307,27907.079999999998,7053,7360,368130,1
Central Shenandoah Planning District Commission,307,22690.8,2492,2799,161553,1
Porter County,306,34746.40909090908,2952,3258,164343,1
Northampton,302,24407.999999999956,11997,12299,171161,0.2402323711088436
Canadian County,300,46467.53535353536,2719,3019,115541,1
Craven County,300,34644.80722891566,2410,2710,103505,1
Rockland County,298,27750.600000000002,2847,3145,311687,1
North Central Oregon--The Dalles City,296,21391.5,1692,1988,NA,NA
"Mifflin, Union, Snyder & Juniata Counties",296,27235.572916666668,2110,2406,NA,NA
Coastal Regional Commission,295,20086.075471698092,4273,4568,144472,1
Atlanta Regional Commission,292,27532.142857142866,3310,3602,214346,1
Caldwell & Alexander Counties,291,26893.735849056604,1960,2251,120227,1
Will County,285,35921.83333333334,8298,8583,677560,1
West Montana,283,22594.24999999999,4522,4805,193893,1
Hernando County,279,30232.337349397592,2990,3269,172778,1
"Sumter, Clarendon, Williamsburg & Lee Counties",277,22125.105263157897,3424,3701,196070,1
Calhoun & Barry Counties,277,24537.727272727272,4311,4588,390638,1
Dutchess County,275,33310.76470588235,4214,4489,297488,1
Far Southeast New Mexico,274,25689.54954954955,1796,2070,NA,NA
Heart of Texas COG,274,34415.142857142855,2922,3196,162102,1
St. Charles County,272,35354.03921568627,6142,6414,360485,1
Central Savannah River Area Regional Commission,272,32532.1489361702,1560,1832,124053,1
"Lancaster, Chesterfield & Marlboro Counties",269,22047.710843373494,1603,1872,152319,1
"Greene, Carter, Unicoi & Johnson Counties",264,27153.090909090934,2267,2531,162812,1
Kootenai County,263,32270.02631578946,5458,5721,133649,0.5353733621218009
Capital Region Planning Commission 6,263,32611.599999999984,1950,2213,139229,1
Chesapeake City,263,32880,4317,4580,222209,1
Rock Island County,261,18754.245614035088,3262,3523,147546,1
Catawba County,259,21823.67213114754,3550,3809,154358,1
Lakota Region,258,28992.92,1432,1690,NA,NA
"Wicomico, Worcester & Somerset Counties",257,19649.4,3449,3706,176657,1
"Chisago, Isanti, Pine, Mille Lacs & Kanabec Counties",256,29627.3,2898,3154,163789,1
Northwest Georgia Regional Commission,255,28276.482758620725,2221,2476,142324,1
Delaware County,254,21672.069767441862,2204,2458,117671,1
Bluegrass Area Development District,254,28352.986301369885,2941,3195,128752,1
Rockingham & Stokes Counties,253,22500.320000000014,2045,2298,282088,1
Buncombe County,250,23487.2,3196,3446,238318,1
Franklin County,249,30506.213483146068,1928,2177,101492,1
"Crittenden, Mississippi & Craighead",248,21350.27777777778,7031,7279,214190,0.5429720870925301
Douglas County,248,26781.563218390806,13268,13516,517110,1
Parker County,244,35043.31578947368,1931,2175,116927,1
DeKalb County,243,23045.500000000007,2458,2701,105160,1
Twin Falls & Cassia Counties--Twin Falls City,241,27690.52631578947,2095,2336,NA,NA
Northern Kentucky Area Development District,240,31695.72413793104,3544,3784,159720,1
"Three Rivers Region--Lafayette, Monroe, Itawamba, Chickasaw & Calhoun Counties",238,25099.818181818195,2217,2455,NA,NA
Orange & Hardin Counties,237,37812.29702970297,2901,3138,136472,1
Madison County,236,16819.702702702707,3314,3550,131636,1
Lebanon County,236,31820.51612903226,2600,2836,133568,1
Chester County,236,32983,4544,4780,498886,1
East Central Wisconsin,235,33728.242424242424,2471,2706,NA,NA
Laramie & Albany Counties,231,29870.130434782608,3375,3606,128037,1
"Robertson, Dickson, Cheatham & Hickman Counties",231,21938.16,3086,3317,179744,1
Fort Bend County,231,40548.92105263159,7854,8085,585375,1
Richland County,230,24445.263157894737,9604,9834,202939,0.4181446927051997
Dauphin County,230,28684.420000000002,5742,5972,268100,1
Coastal Regional Commission,229,24623.42105263152,3869,4098,216300,1
Saratoga County,229,37141.01960784314,3329,3558,219607,1
Northern Kentucky Area Development District,229,30670.000000000004,2812,3041,160116,1
Capital Region Planning Commission 3,227,25568.6551724138,7674,7901,180733,0.4105972451615395
East Central North Dakota--Jamestown City,224,41075.249999999985,1569,1793,NA,NA
"Coastal Maine Region--Hancock, Knox, Waldo & Lincoln Counties",220,25059.333333333332,2247,2467,NA,NA
Beaufort & Jasper Counties,220,26970.147368421043,3851,4071,187010,1
Shelby County,218,30604.71111111111,2608,2826,195085,1
Tuscaloosa & Northport,217,21379.89285714286,3229,3446,110629,0.5159886568222312
St. Louis,215,23618.739130434853,5759,5974,131501,0.37064251730591447
Houston-Galveston Area Council,213,29887.999999999996,9104,9317,455746,1
Clermont County,213,30618.705882352962,3499,3712,128369,0.5299926922616418
Leon County,213,19781.88888888889,6095,6308,275487,1
Northern Shenandoah Valley Regional Commission,210,26790.68085106383,1961,2171,103610,1
"Klamath, Malheur, Lake & Harney Counties",209,19341.000000000004,2134,2343,NA,NA
Warren County,209,49379.7777777777,2663,2872,212693,1
KIPDA Area Development District,208,25558.429906542067,17288,17496,741096,1
Alamo Area COG,203,33683.07692307693,2040,2243,128619,1
Virginia's Region 2000,203,19726.608108108103,2182,2385,130410,1
Northeast Oklahoma,199,27191.39130434788,8130,8329,166839,0.3866847448199138
Cambria County,199,23945.697674418603,1559,1758,143679,1
Three Rivers Regional Commission,199,21291.764705882353,2488,2687,110527,1
"Dubuque, Buchanan, Jackson & Delaware Counties",197,32143.073170731703,2741,2938,152223,1
"Pickaway, Union & Madison Counties",195,31550.999999999993,2217,2412,151433,1
"Josephine, Coos & Curry Counties",193,22981.31914893617,3426,3619,168120,1
Capital Area COG,192,34081.083333333336,2327,2519,153403,1
Yolo County,191,24422.719298245614,2823,3014,200849,1
Spartanburg County,190,22920.428571428576,6845,7035,284307,1
"Bradley, McMinn & Polk Counties",190,25712.26229508198,3889,4079,168054,1
"Monroe, Randolph, Washington, Jefferson & Marion Counties",188,29368.59259259258,2784,2972,159413,1
St. Mary's & Calvert Counties,188,43829.27083333332,3170,3358,387776,1
"Carson City, Lyon, Douglas & Storey Counties",187,33996.84210526312,3958,4145,316522,1
Mesa County,186,29897.00000000002,5159,5345,128898,0.5586142338328726
Marin County,185,39082.12345679013,2457,2642,252409,1
St. Clair & Blount Counties,184,33969.58490566036,2181,2365,140915,1
Southwest Arkansas,184,25463.44827586206,1864,2048,107175,1
Vanderburgh County,183,23871.677083333336,4323,4506,179703,1
Baltimore City,182,26034.75862068968,12629,12811,620961,1
St. Croix & Dunn Counties,182,31766.940828402367,2664,2846,128202,1
Cass & Bates Counties,181,29340.666666666668,2204,2385,116527,1
Georgia Mountains Regional Commission,181,39656.72131147541,2479,2660,175511,1
South Central Planning & Development Commission 1,177,23678.462365591397,1707,1884,120806,1
Alamo Area COG,176,25010.8,2057,2233,118369,1
"Greene, Daviess, Owen, Orange & Martin Counties",175,34370.545454545456,2510,2685,162696,1
Monroe County,174,30406.53846153846,2520,2694,152021,1
Rowan County,172,20263.000000000004,2022,2194,138428,1
Kitsap County,172,27856.26666666667,5637,5809,251133,1
Yamhill & Polk Counties,171,29090.211267605635,2918,3089,349192,1
South Region,171,28687,3031,3202,140127,1
Rural Nevada,170,29683.1929824561,3950,4120,NA,NA
Belmont & Jefferson Counties,169,19882.000000000015,2266,2435,280218,1
Northwest Lower Peninsula (West),168,26914.34782608696,2230,2398,NA,NA
West Central Texas COG,168,22472.042857142827,2402,2570,195884,1
Coastal Regional Commission,167,27229.422222222223,2185,2352,137060,1
Acadiana Regional Development District 3,167,25079.030303030304,5629,5796,113860,0.5138596792100298
Georgia Mountains Regional Commission (Southeast),166,26880,1244,1410,NA,NA
"Wilkesboro High Country--Surry, Wilkes & Alleghany Counties",164,24101.526315789473,1133,1297,NA,NA
Macon County,164,23484.405797101448,2747,2911,110768,1
"Washington, Morgan, Noble & Monroe Counties",164,22885.714285714286,1539,1703,NA,NA
Rock County,163,20662.222222222223,3839,4002,160331,1
Norfolk City,160,21287.142857142862,10734,10894,208001,0.6147728011633337
"Maui, Kalawao & Kauai Counties",159,34216.46153846153,3976,4135,222015,1
Mohave & La Paz Counties,157,23425.838709677442,5712,5869,220675,1
"Des Moines, Lee, Henry & Louisa Counties",156,19774.666666666668,1587,1743,NA,NA
"Marion, Knox & Morrow Counties",151,26530.399999999998,2548,2699,162249,1
Pinal County,150,26550.764705882328,9802,9952,364910,0.768192764997137
Butler County,150,29787.135135135133,2131,2281,183862,1
Etowah County,148,28576.59999999993,2077,2225,104430,1
Middle Georgia Regional Commission,148,29597.720000000005,3520,3668,151910,1
Winnebago County,147,22693.0705882353,8433,8580,204179,0.5843185063717873
"Harrison, Marion, Taylor & Doddridge Counties",146,24111.843137254906,2058,2204,NA,NA
Rio Grande COG & Permian Basin Regional Planning Commission,143,49027.36363636364,2118,2261,110077,1
Honolulu County,142,32912.105263157915,17060,17202,953207,1
Wilson County,142,36532.588235294104,1877,2019,113993,1
North Central Kansas--Salina City,141,32129.367521367534,2845,2986,NA,NA
Outagamie County,141,28649.87356321839,2917,3058,176695,1
Monongalia & Preston Counties,140,24218.444444444438,1307,1447,129709,1
Washington County,139,28532.695652173916,3150,3289,147430,1
"Otsego, Schoharie, Oneida",139,21831.500000000022,5749,5888,227950,0.44838506628899644
"Ohio, Marshall, Hancock & Brooke Counties",138,26026.285714285692,1692,1830,264590,1
Alachua County,135,20236.42857142857,4600,4735,247336,1
New Hanover County,135,19492.733333333334,4645,4780,151695,0.5951530892484425
Eastern Plains New Mexico,133,16307.999999999985,2129,2262,NA,NA
Harford County,133,41277.074999999975,3326,3459,244826,1
Eastern Upper Peninsula,131,32640.57894736843,2234,2365,NA,NA
Johnson County,128,27970.658227848104,2900,3028,150934,1
Clark County,127,23591.47368421052,3383,3510,138333,1
Nash & Edgecombe Counties,124,19941,2998,3122,152392,1
Ellis County,124,29059.125,3319,3443,149610,1
Buffalo Trace & Gateway Area Development Districts,123,21908.58000000001,2054,2177,138130,1
Northwest Georgia Regional Commission,123,27042.780487804877,3423,3546,352438,1
Northeast Nebraska,122,27518.254437869822,3623,3745,184039,1
"Dearborn, Franklin, Ripley, Switzerland & Ohio Counties",121,23459.241379310337,1808,1929,118693,1
"Floyd, Harrison & Washington Counties",120,24690.44999999997,2216,2336,142204,1
Johnston County,119,24569.518867924526,2729,2848,168878,1
Acadiana Regional Development District 5,119,25327.21794871795,3126,3245,180050,1
Alamo Area COG,119,30650.478723404256,1869,1988,131533,1
"Lawrence, Giles, Wayne, Lewis & Perry Counties",117,19033.666666666668,1329,1446,NA,NA
Ark-Tex COG (West),116,21358.884615384588,3343,3459,NA,NA
Tuscarawas & Harrison Counties,116,28821.222222222223,2044,2160,NA,NA
South Maine,115,27117.948717948704,9115,9230,173683,0.3378402561379348
Georgia Mountains Regional Commission,114,23565.722222222223,1441,1555,127543,1
Story & Boone Counties,113,34263.06122448979,1754,1867,115848,1
"Skagit, Island & San Juan Counties",113,29253.590909090908,5267,5380,211176,1
Golden Crescent Regional Planning Commission,112,35284.5,2240,2352,276388,1
Peoria County,111,22453.636363636364,3853,3964,186494,1
Chemung,107,27058.166666666668,3135,3242,104870,0.5086751744978488
Centre County,106,29498.874999999996,1444,1550,153990,1
Oakland County,105,31239.583333333332,18534,18639,1202362,1
Acadiana Regional Development District 2,104,29070.53846153846,2005,2109,119772,1
Charles County,104,38639.59615384615,2493,2597,146551,1
"Ionia, Montcalm, Mecosta & Osceola Counties",102,25759.25,2956,3058,193573,1
Deep East Texas COG (Central)--Angelina & Nacogdoches Counties,100,22768.69230769231,3290,3390,NA,NA
St. Lawrence County,99,18320.999999999993,1781,1880,NA,NA
Windham County,99,39597.46808510638,2160,2259,118428,1
"Wapello, Mahaska, Washington, Jefferson, Keokuk, Davis & Van Buren Counties",98,30331.42857142863,2271,2369,123387,1
Jefferson County,97,23241.49999999997,13969,14066,455535,0.6918124853826925
"East Central Region--Lauderdale, Newton & Clarke Counties--Meridian City",97,30470.965517241377,1758,1855,NA,NA
"Bremer, Winneshiek, Fayette, Clayton, Allamakee, Chickasaw & Howard Counties",96,27070.499999999993,1585,1681,120676,1
Southwest Georgia Regional Commission,96,22747.418181818182,3098,3194,122863,1
"Jackson, Hocking, Pike & Vinton Counties",95,21193.031249999996,1714,1809,104749,1
Sarpy County,94,37870.68,3829,3923,158840,1
"Coffee, Covington, Butler & Crenshaw Counties",90,25000.81818181818,2112,2202,NA,NA
Hampden County,89,26787.999999999967,10571,10660,427628,0.617119470316419
"Grant, Miami & Wabash Counties",88,22206.88235294117,2951,3039,NA,NA
"Knox, Stark, Bureau, Marshall & Woodford Counties",87,32031.459459459456,1739,1826,151201,1
Georgia Mountains Regional Commission,87,25337.19512195123,3268,3355,179684,1
"Winona, Wabasha, Fillmore & Houston Counties",86,44413.7142857143,1465,1551,226060,1
North Central & Northwest Nebraska,85,28144.44943820223,2012,2097,NA,NA
"Maury, Bedford & Marshall Counties",85,18131.571428571428,3545,3630,156631,1
"Baxter, Boone, Carroll, Marion, Madison, Newton & Searcy Counties",84,23135.964912280702,3153,3237,154757,1
Vigo County,84,20076.000000000004,2076,2160,107848,1
Broome County,83,25032.5,5302,5385,127478,0.3640335596918174
Hamilton County,82,20628.692307692287,20309,20391,468010,0.5832816118169333
"Walla Walla, Benton",82,31579.69811320757,6338,6420,204662,0.4938135176087943
"Queen Anne's, Talbot, Caroline, Dorchester & Kent Counties",81,27678.80952380952,2878,2959,171461,1
Heart of Texas COG,81,23409.695652173912,5965,6046,234906,1
"Defiance, Williams, Henry & Paulding Counties",80,26398.385964912275,2207,2287,NA,NA
Mercer County,80,35165.810810810806,1417,1497,116638,1
"Warrick, Gibson & Posey Counties",80,29116.000000000007,1868,1948,119102,1
Columbiana County,77,26276.605633802817,2676,2753,NA,NA
"Beltrami, Becker, Hubbard, Clearwater, Mahnomen & Lake of the Woods Counties",76,12011.533333333335,1298,1374,NA,NA
Southwest & South Central Utah,75,22196.090909090904,2115,2190,140796,1
"Douglas, Edgar, Coles & Cumberland Counties",74,22160,2133,2207,NA,NA
"Livingston, Ford, Iroquois & Vermilion Counties",74,27944.222222222244,3514,3588,328748,1
"Lawrence, Henry, Vernon, Cedar, Barton, St. Clair & Dade Counties",72,23108.383838383837,2643,2715,NA,NA
Ontario & Yates Counties,71,25605.714285714283,2098,2169,133279,1
Brunswick County,71,20656.711111111104,2387,2458,107431,1
Davis County,71,35839.53333333333,4920,4991,306479,1
Litchfield County,70,35605.563829787236,2741,2811,NA,NA
"Laclede, Polk, Benton, Dallas & Hickory Counties",69,33673.882978723406,2252,2321,112168,1
Northeast Maine--Aroostook & Washington Counties,67,18746.7,1456,1523,NA,NA
Wyandotte County,65,18183.96296296297,4325,4390,157505,1
Monmouth County,65,32541.52830188679,6532,6597,630380,1
"Sioux, Clay, Dickinson, O'Brien, Lyon, Emmet, Palo Alto & Osceola Counties",63,32505.325581395344,2475,2538,NA,NA
Hunt & Rockwall Counties,63,40618.72093023257,2953,3016,164466,1
Green River Area Development District,61,24760.844155844152,2118,2179,105221,1
"Buchanan, Andrew & DeKalb Counties",60,22867.629629629628,2217,2277,119384,1
Houston-Galveston Area Council,60,28747.352000000003,2565,2625,170478,1
Green River Area Development District,59,23584.48148148148,2176,2235,216502,1
Regional Planning Commission 1,59,26369.58928571429,4120,4179,120069,0.5136861470009412
"Pike, Wayne & Susquehanna Counties",57,30120.586206896533,1993,2050,153547,1
Mount Rogers Planning District Commission,57,15946.875000000013,2619,2676,193595,1
Western Upper Peninsula,56,21274.905172413797,1947,2003,NA,NA
West Central Wisconsin,56,27400,3787,3843,202430,1
"La Plata, Montezuma, Gunnison, Archuleta, Dolores, Hinsdale & San Juan Counties",56,25227.661016949154,2010,2066,NA,NA
"Tuscola, Sanilac & Huron Counties",56,19547.157894736847,2232,2288,NA,NA
"Grant, Green, Iowa, Richland & Lafayette Counties",53,29309.166666666668,2096,2149,146594,1
East Texas COG,53,26801.52777777779,1863,1916,115486,1
South & West Albemarle Sound & Northern Outer Banks Regions,50,29887.060975609755,1563,1613,NA,NA
Linn County,48,33065,3678,3726,211226,1
"Greenwood, Abbeville & McCormick Counties",48,21812.352941176476,1898,1946,NA,NA
"Logan, Polk, Franklin, Sevier, Howard & Scott Counties",47,23475.2,1577,1624,NA,NA
Woodbury & Plymouth Counties,47,29673.609890109892,2652,2699,127158,1
Hancock & Putnam Counties,47,31065.574468085117,2308,2355,NA,NA
Black Hawk County,46,37989.88079470199,2655,2701,131090,1
Waukesha County,46,37850.000000000015,5761,5807,389891,1
"Hamblen, Cocke & Grainger Counties",45,24982.533333333336,1878,1923,241726,1
Lake County,44,26051.117647058825,10388,10432,496005,1
Southern Georgia Regional Commission,44,28337.52173913043,1851,1895,128961,1
Citrus County,43,18338.444444444445,2543,2586,141236,1
Monterey County,42,29232.666666666668,6195,6237,338170,0.5612947772713541
Erie County,40,19401.638297872327,4765,4805,171457,0.6111111111111112
"Jo Daviess, Carroll, Whiteside & Lee Counties",40,26074.956521739132,2528,2568,NA,NA
Monroe County,39,18021.403669724772,2372,2411,137974,1
Heart of Georgia Altamaha Regional Commission (North & West),38,21984.785714285717,2049,2087,NA,NA
Stephenson & Ogle Counties,38,28793.739130434784,2358,2396,NA,NA
Northwest Kansas,37,29537.671641791047,2202,2239,NA,NA
"Clearfield, McKean, Elk, Potter & Cameron Counties",37,26671.760869565216,2321,2358,NA,NA
"Montgomery, Clinton, White, Carroll & Benton Counties",37,36452.260869565216,2737,2774,125000,1
South Central Arkansas,35,20134.33333333334,1711,1746,NA,NA
Bonneville County,33,34257.38461538462,2111,2144,104234,1
Ventura County,33,32740.244897959183,12437,12470,823318,1
Southwest Georgia Regional Commission,32,17197.89830508475,2153,2185,111897,1
Hamilton County,32,24702.999999999996,7033,7065,222196,0.6603876206299059
Genesee,30,21721.777777777777,12389,12419,561558,0.727329480547403
Wayne County,30,23250.899999999998,2070,2100,NA,NA
Moore & Montgomery Counties,30,22922.581395348847,1442,1472,NA,NA
Purchase Area Development District,29,21360.32352941177,2883,2912,NA,NA
Bay & Midland Counties,29,29396.714285714286,2774,2803,382800,1
Southeast South Dakota,28,30805.024390243932,6973,7001,247834,0.6151574045805316
Androscoggin County,28,33461.444444444445,2358,2386,107702,1
Collier County,27,31436.555555555555,5874,5901,321520,1
"Newaygo, Mason, Oceana & Lake Counties",26,22996.66666666667,2287,2313,NA,NA
Salt Lake County,26,33890.588235294126,21123,21149,1029655,1
Central Nebraska,25,24844.31250000001,2170,2195,106716,1
"Pope, Johnson, Yell, Conway & Perry Counties",24,27755.600000000002,2608,2632,141197,1
Henderson & Transylvania Counties,24,17585.606557377047,2643,2667,139830,1
Santa Cruz County,24,32213.166666666664,2898,2922,262382,1
Yakima County,24,25006.678899082573,5427,5451,243231,1
Humboldt County,23,23474.45945945946,2676,2699,NA,NA
New Haven County,22,23547.483870967746,12803,12825,133419,0.15469282079406174
South Central Montana,19,25744.186046511626,2272,2291,127995,1
"St. Francis, Poinsett, Phillips, Cross, Lee & Monroe Counties",19,21881.647058823524,2291,2310,111041,1
"Talladega, Cherokee, Randolph, Cleburne & Clay Counties",19,17549.27999999999,2965,2984,NA,NA
"Venango, Jefferson, Clarion & Forest Counties",19,26937.500000000004,1817,1836,NA,NA
Southwestern New Hampshire--Cheshire & Sullivan Counties,18,30621.304347826088,2204,2222,NA,NA
"Lewis, Klickitat & Skamania Counties",18,25770.38235294118,2138,2156,106839,1
Tulare County,16,27000.576923076922,7662,7678,442179,1
Carroll County,14,45435.902439024394,1555,1569,167134,1
"Bradford, Tioga & Sullivan Counties",14,35249.736842105274,1205,1219,NA,NA
Southern Georgia Regional Commission,13,25143.405797101455,2878,2891,109233,1
Olmsted County,13,29538.880597014926,2671,2684,144248,1
West Central Texas COG,12,27629.079999999998,4136,4148,131506,1
Lycoming & Clinton Counties,11,22464.19672131151,2820,2831,155349,1
St. Joseph & Branch Counties,11,25840.777777777785,2049,2060,NA,NA
Berkshire County,10,20082.277777777777,1731,1741,131219,1
Northwest Missouri,8,24239.8,1857,1865,NA,NA
Concho Valley COG & Permian Basin Regional Planning Commission,8,28844.26446280992,2042,2050,205668,1
Scott County,7,31473.25581395349,3197,3204,115560,0.5229669185862335
"Cape Girardeau, Scott & Bollinger Counties",6,17514.345794392524,2467,2473,127228,1
"Rice, Goodhue & Le Sueur Counties",6,32651.610169491527,2714,2720,138028,1
East Texas COG (Southwest)--Henderson & Anderson Counties,5,29899.41176470588,1989,1994,NA,NA
Burke & McDowell Counties,5,36028.42372881356,1576,1581,135908,1
"Howell, Texas, Wright, Douglas, Oregon, Ozark & Shannon Counties",5,17420.011235955055,2123,2128,NA,NA
Imperial Calcasieu Regional Planning & Development District 2,4,24841.58666666667,6485,6489,147781,0.5050287233569932
Stearns County,3,29342,3182,3185,150642,1
Livingston & Wyoming Counties,1,23721.608695652187,1296,1297,107548,1
0_0,0,37970,0,0,NA,NA
Wilson & Greene Counties--Wilson City,0,18807.631578947367,1860,1860,NA,NA
"Southeast Vermont--Windsor, Windham & Orange Counties",-3,29302.453947368416,1546,1543,NA,NA
"Davie, Yadkin & Iredell",-5,29891.454545454544,3722,3717,209286,0.6088745105112794
"Suwannee, Taylor, Madison, Hamilton & Lafayette Counties",-5,16421.015624999996,1568,1563,NA,NA
Northeast Missouri,-7,27153.947368421053,2311,2304,NA,NA
"Henry, Mercer, Henderson, Warren, Hancock, McDonough & Fulton Counties",-9,28442.533980582524,2227,2218,180743,1
Columbia & Luzerne,-9,27518.262295081968,6428,6419,264046,0.5075504194250302
Marathon County,-9,21594.000000000022,2430,2421,134063,1
South Region,-9,21880.472727272718,4107,4098,169930,1
"Darke, Shelby & Preble Counties",-9,29761.40594059406,3260,3251,NA,NA
Lackawanna,-10,27584.701492537322,3495,3485,132272,0.5449728691911847
Portage County,-10,36387.611650485436,2892,2882,161419,1
South Central Planning & Development Commission 2,-10,61872.3469387755,1547,1537,119739,1
Coconino County,-11,38103.11538461538,2252,2241,134421,1
"Columbia, Lincoln, Clatsop & Tillamook Counties",-12,25345.499999999996,3399,3387,157674,1
Erie County,-12,24888.570093457944,13097,13085,919040,1
North Delta Regional Planning & Development District 1,-13,25707.09090909094,2365,2352,153720,1
Gloucester County,-14,27969.700000000023,3602,3588,288288,1
Monroe County,-15,23059.565217391304,12508,12493,744344,1
Osceola County,-15,23310.541666666668,4934,4919,268685,1
Genesee & Orleans Counties,-16,30026.20930232558,1926,1910,102962,1
Brevard County,-20,25650.70731707314,10916,10896,543376,1
Middlesex County,-21,47962.83157894736,2152,2131,165676,1
Santa Fe County,-23,24324.800000000003,1936,1913,144170,1
Tolland County,-24,33838.70212765957,1676,1652,152691,1
"Menard, Logan, De Witt, Piatt, Moultrie, Shelby & Christian Counties",-24,40475.77272727274,3149,3125,444927,1
"Cherokee, Newberry, Chester & Union Counties",-26,31316.111111111088,2158,2132,309902,1
"Wayne, Fayette, Rush & Union Counties",-26,25847.07692307693,2349,2323,118102,1
Virginia's Region 2000,-26,41137.76315789473,1565,1539,122224,1
"Natrona, Carbon & Converse Counties",-27,45249.87096774195,2840,2813,105168,1
Beaver County,-27,24109.37499999997,4088,4061,154018,0.5886480639946187
South & Southeast Illinois,-29,41902.000000000044,2056,2027,141300,1
Winnebago County,-29,29012.666666666668,2869,2840,166994,1
Middle Georgia Regional Commission,-31,22394.689655172413,3574,3543,361884,1
Hampton City,-31,24152.181818181823,4619,4588,137436,1
Ulster County,-32,22019.85714285714,3848,3816,147846,0.5685509921550531
Utah County,-33,35157.5,8034,8001,516564,1
"Auglaize, Mercer & Van Wert Counties",-34,33118.85294117647,1966,1932,NA,NA
Middle Rio Grande Development Council,-34,25970.16923076923,2767,2733,NA,NA
Pennyrile Area Development District (North),-35,21601.819672131147,2085,2050,NA,NA
"Sheridan, Park, Teton, Lincoln & Big Horn Counties",-37,29431.964285714294,2313,2276,NA,NA
Larimer County,-38,27627.340425531922,6709,6671,299630,1
Allegany & Garrett Counties,-40,25296.755102040825,1480,1440,105184,1
"Umatilla, Union, Baker & Wallowa Counties",-43,26363.97222222222,3127,3084,NA,NA
Pennyrile Area Development District,-44,25658.14,2617,2573,109068,1
North Central New Mexico,-44,21530.285714285714,805,761,NA,NA
"Clinton, Muscatine, Jones & Cedar Counties",-44,28705.71428571431,2248,2204,130998,1
Jackson County,-45,22906.95,3349,3304,160248,1
Kosciusko & Marshall Counties,-46,26711.821138211384,2580,2534,NA,NA
Rappahannock-Rapidan Regional Commission,-46,32141.402173913044,2491,2445,166054,1
"Southwest Vermont--Rutland, Bennington & Addison Counties",-47,27877.30769230769,1349,1302,NA,NA
McLean County,-47,25013.50000000002,2465,2418,169572,1
Washington County,-47,30868.205128205125,3576,3529,142821,0.5793814349346467
"Golden Triangle Region--Starkville, Columbus & West Point Cities",-51,12871.758620689647,2700,2649,NA,NA
"Dunklin, Stoddard, New Madrid, Pemiscot & Mississippi Counties",-51,16324.681818181807,2321,2270,NA,NA
"Noble, DeKalb, LaGrange & Steuben Counties",-53,28160.571428571464,3395,3342,NA,NA
Oswego County,-53,26806.388888888894,1889,1836,122109,1
Central Kansas--Hutchinson City,-54,24106.04761904762,2857,2803,NA,NA
"Howard, Cass & Tipton Counties",-54,23064.500000000004,3064,3010,137654,1
"East Texas COG (Northwest)--Van Zandt, Wood, Camp & Rains Counties",-54,24773.843749999996,1795,1741,NA,NA
"James City, York Counties, Williamsburg & Poquoson Cities",-54,29128.215686274514,2883,2829,158691,1
Aiken & Edgefield Counties,-55,24958.666666666624,3485,3430,187084,1
Northwest Georgia Regional Commission,-55,25695.897435897437,3114,3059,175346,1
Cumberland Valley Area Development District (North),-56,21943.111111111095,1830,1774,NA,NA
Orange County,-56,32188.761904761905,4318,4262,372813,1
Placer County,-57,35762.25352112676,6100,6043,348432,1
North Delta Regional Planning & Development District 2,-59,11344.875,1363,1304,155306,1
"Huntington, Whitley, Adams & Wells Counties",-61,27186.4,2970,2909,132439,1
Kent County,-63,27384.837209302324,2966,2903,162310,1
Howard County,-63,45919.285714285674,3041,2978,287085,1
Niagara County,-64,26111.692307692305,2858,2794,216469,1
Delaware County,-64,38290.25806451613,1721,1657,174214,1
Northwest Vermont,-65,32129.117647058785,2716,2651,211261,1
"Somerset, Bedford & Fulton Counties",-65,22368.49166666667,1600,1535,NA,NA
"Roane, Loudon & Monroe Counties",-67,27186.376470588246,2478,2411,147256,1
North Central Texas COG,-67,32001.000000000004,2336,2269,125673,1
Marion County,-68,23113.21428571427,21380,21312,903393,1
Jasper & Newton Counties,-68,31036,3611,3543,175518,1
Montgomery & Stewart Counties,-70,27458.136986301382,7021,6951,185655,1
Morgan & Lawrence Counties,-70,21277.183544303796,3262,3192,153829,1
Lake Cumberland Area Development District (East),-70,14608.179775280898,1814,1744,NA,NA
Hendricks County,-70,33509.34146341463,3344,3274,145448,1
Adams & Franklin,-72,30947.797202797203,5367,5295,251968,0.6683341776986756
"Northwest Central Iowa--Storm Lake, Denison & Cherokee Region",-73,22123.222222222208,2399,2326,NA,NA
Lincoln Trail Area Development District,-74,24350.624999999996,6740,6666,269117,1
Manitowoc & Kewaunee Counties,-75,25318.127659574468,1487,1412,102016,1
Bluegrass Area Development District,-75,25243.35616438356,2665,2590,118672,1
Cecil County,-78,37399.52475247525,1570,1492,101108,1
Clallam & Jefferson Counties,-78,21623.529411764714,1735,1657,NA,NA
Golden Crescent Regional Planning Commission,-79,29383.222222222223,3022,2943,108174,1
Cumberland Valley Area Development District (South),-80,18181.959459459464,1335,1255,NA,NA
Medina County,-81,31712.02702702705,2617,2536,172332,1
Pasco County,-81,29340.545454545452,7097,7016,464697,1
"Dubois, Knox, Spencer, Perry, Pike & Crawford Counties",-82,26775.641791044774,2418,2336,NA,NA
"Cherokee, Sequoyah & Adair Counties",-83,17854.6,2047,1964,112061,1
"White, Jackson, Prairie & Woodruff Counties",-83,30648.451612903224,2242,2159,NA,NA
East Texas COG,-85,23552.513513513513,2050,1965,127971,1
Southwest Oklahoma,-86,21963.076923076926,2190,2104,NA,NA
Northern Shenandoah Valley Regional Commission,-86,31439.000000000015,2379,2293,237084,1
"Cerro Gordo, Floyd, Kossuth, Hancock, Winnebago, Mitchell & Worth Counties",-88,28193.00000000002,2046,1958,NA,NA
Hancock & Shelby Counties,-88,37764.846715328466,1673,1585,114438,1
Fulton & Montgomery Counties,-89,27183.63265306122,1957,1868,NA,NA
Northeast Georgia Regional Commission,-91,37371.47619047617,2081,1990,129852,1
Scioto & Lawrence Counties,-91,26137.93333333332,2207,2116,141949,1
Three Rivers Regional Commission,-92,23127.111111111117,2546,2454,151067,1
Southwest Minnesota,-93,22976.43842364532,2135,2042,NA,NA
Huron & Ashland Counties,-93,35438.5,2347,2254,NA,NA
Three Rivers Regional Commission,-93,27390.983606557376,2099,2006,100870,1
Northeast North Dakota,-94,39491.83620689654,2491,2397,104148,1
"Russell, Pike, Barbour, Macon & Bullock Counties",-94,16673.64705882353,3556,3462,145669,1
Northumberland & Montour Counties,-97,37818.90291262136,1662,1565,112795,1
Capital Region Planning Commission 1,-97,27603.465517241384,1743,1646,115869,1
"Whitman, Asotin, Adams, Lincoln, Columbia & Garfield Counties",-97,24447.446808510635,1984,1887,204082,1
Morris County,-98,33535.06451612904,3398,3300,492276,1
Wayne & Seneca Counties,-99,23349.428571428587,1988,1889,129023,1
Three Rivers Regional Commission,-101,30354.590909090908,2470,2369,127317,1
"Henderson, Hardeman, McNairy, Hardin, Haywood & Decatur Counties",-101,22468.533333333293,1459,1358,NA,NA
"East Central Region--Neshoba, Scott, Leake, Jasper, Smith & Kemper Counties",-102,16550.272727272735,1435,1333,NA,NA
"Butler, Ripley, Wayne, Madison, Iron, Reynolds & Carter Counties",-102,23898.260869565216,2035,1933,NA,NA
DeKalb & Jackson Counties,-104,21953,1900,1796,NA,NA
Tompkins County,-104,25142.26086956521,1397,1293,101564,1
North Central Montana,-106,21029.552238805973,3467,3361,147827,1
"Jackson, Wetzel, Roane, Braxton, Ritchie, Tyler, Gilmer & Calhoun Counties",-106,19097.595238095237,1000,894,NA,NA
"Wood, Pleasants & Wirt Counties",-106,18131.28205128205,1681,1575,100278,1
Sherburne & Benton Counties,-106,31909.196428571442,2211,2105,253900,1
"Webster, Hardin, Hamilton, Butler, Wright, Grundy, Franklin & Humboldt Counties",-108,29771.181818181816,2245,2137,132264,1
Pulaski County,-108,26071.151515151512,8662,8554,382748,1
Northwest Georgia Regional Commission,-109,25189.810810810806,2077,1968,102599,1
Northwest Lower Peninsula (East),-111,26004.095890410958,3086,2975,NA,NA
Portland City,-111,25314.622950819674,17039,16928,578064,0.7861244006125108
Navajo & Apache Counties,-113,20911.757575757612,2313,2200,NA,NA
Northeast Kansas,-113,27473.234042553187,1873,1760,360666,1
Scott County,-113,24234.478723404263,2723,2610,165224,1
South Texas Development Council (South) & Coastal Bend COG (West),-114,13245.500000000002,1294,1180,NA,NA
"Columbia, Levy, Bradford, Gilchrist, Dixie & Union Counties",-115,21493.217391304348,3194,3079,185748,1
Kaufman County,-120,34853.18181818182,2187,2067,103350,1
Chelan & Douglas Counties,-121,21209.727272727272,1697,1576,110884,1
Milwaukee City,-123,21924.571428571424,23729,23606,550776,0.5811497939824951
Lake Cumberland Area Development District (West),-127,21243.55319148936,1815,1688,NA,NA
Dakota County,-128,40317.10377358491,8260,8132,398552,1
Southeast Idaho,-129,21880.249999999985,4427,4298,247014,0.655419909307762
Allen County,-130,20969.40594059406,2672,2542,106331,1
Greene County,-130,22279.53488372093,2941,2811,161573,1
Van Buren & Cass Counties,-131,33818.938356164384,2412,2281,257102,1
"Granville, Person & Caswell Counties",-132,32128.899999999998,2018,1886,123099,1
Nassau & Baker Counties,-132,32562.45161290323,2141,2009,100429,1
Warren & Washington Counties,-133,21558.400000000012,2425,2292,128923,1
"Cass, Morgan, Scott, Greene, Macoupin, Jersey & Calhoun Counties",-134,25975.757575757576,2824,2690,144269,1
Washington County,-134,40215.25,2889,2755,238136,1
Eau Claire & Chippewa,-134,30778.805970149253,5239,5105,152254,0.5325130457896725
Southeast Rhode Island,-135,39628.666666666664,2044,1909,132763,1
Bartholomew & Jackson Counties,-135,35982.07692307692,2351,2216,119170,1
Fairfield County,-135,33567.88679245286,3247,3112,146156,1
Ross & Fayette Counties,-137,28558.942307692305,1975,1838,NA,NA
Baldwin County,-138,27880,2738,2600,182265,1
Northeast Albemarle Sound Region,-139,27245.196969696968,2326,2187,114631,1
Penobscot County,-141,15631.893617021278,3033,2892,153923,1
Shasta County,-141,22401.679999999986,3138,2997,177223,1
Hudson County,-143,25540.538461538432,9414,9271,634266,1
Southwest Iowa,-143,29580.689655172417,3496,3353,183381,1
Northeast Region,-145,24475.359999999993,2702,2557,150031,1
"Clark, Jasper, Crawford, Lawrence, Richland, Clay & Wayne Counties",-145,25522.173913043498,1682,1537,NA,NA
Acadiana Regional Development District 1--St. Landry & Evangeline Parishes,-145,19953.964285714286,1603,1458,NA,NA
St. Louis County,-146,22619.658119658117,18543,18397,998954,1
"Jefferson, Jennings, Decatur & Scott Counties",-146,29831.076923076922,2287,2141,110874,1
Thomas Jefferson Planning District Commission,-147,28204.105263157893,3078,2931,234712,1
Allegan County,-148,47017.470588235294,1830,1682,NA,NA
Madison & Cortland Counties,-150,22336.367346938776,1686,1536,122778,1
"Stevens, Okanogan, Pend Oreille & Ferry Counties",-153,21428.489361702133,1673,1520,105203,1
Delaware County,-155,28735.441176470587,5643,5488,558979,1
"Middle Peninsula, Northern Neck & Accomack-Northampton Planning District Commissions",-156,28572.40816326531,1680,1524,170873,1
"Northwest Colorado--Garfield, Routt, Moffat & Rio Blanco Counties",-158,27559.451612903227,2583,2425,NA,NA
"Land Between the Lakes--Weakley, Henry, Carroll, Humphreys, Benton & Houston Counties",-158,17519.172413793105,2410,2252,NA,NA
Johnson County,-159,28248.837209302324,1941,1782,130882,1
Sussex County,-159,48468.333333333256,1823,1664,149265,1
Pima County,-162,22916.333333333332,27289,27127,437353,0.44615883696518177
Crawford & Warren Counties,-162,16981.431818181816,2013,1851,NA,NA
Brazos Valley COG,-163,20409.285714285717,4475,4312,194851,1
Northwest Tennessee,-168,23921.50000000002,2761,2593,142243,1
Sangamon County,-169,25588.63157894749,4445,4276,197465,1
Prince William County,-170,31353.03225806455,9504,9334,339277,0.7471481801205031
South Central Kansas,-171,23945.62162162163,5060,4889,118013,1
Southeast Utah & Uintah Basin Region,-174,21160.249999999993,2145,1971,NA,NA
Northwest New Mexico,-175,19182.105263157933,2949,2774,127808,0.5587259397855291
North Texas Regional Planning Commission,-176,29960.830508474577,3431,3255,300974,1
"Crow Wing, Morrison, Todd & Wadena Counties",-176,27823.130434782597,3058,2882,NA,NA
Calhoun County,-177,21046.00000000002,2669,2492,118572,1
"Isle of Wight, Southampton Counties, Suffolk & Franklin Cities",-178,26675.219999999998,3043,2865,147007,1
"Clay, Polk, Roseau, Pennington, Marshall, Norman, Kittson & Red Lake Counties",-179,26407.283582089556,2226,2047,290180,1
"Jefferson, Grant & Arkansas",-179,17548.476190476194,3469,3290,213458,0.6659387215828438
South Central Iowa,-179,23318.53571428571,2177,1998,106667,1
"Kandiyohi, McLeod, Meeker, Renville & Sibley Counties",-179,43809.14285714285,2452,2273,133146,1
"Hanover, Powhatan, Goochland, New Kent, King William & Charles City Counties",-179,40730.549019607846,2689,2510,191246,1
River Valley Regional Commission,-180,17824.657142857133,3627,3447,169735,1
Middle Georgia Regional Commission,-181,14691.962962962964,3596,3415,155547,1
"Isabella, Gratiot & Clare Counties",-182,20592.40322580645,2733,2551,NA,NA
"Greenbrier, Nicholas, Summers, Monroe & Pocahontas Counties",-183,33195.07692307692,1601,1418,NA,NA
Bucks County,-186,32641.428571428576,6715,6529,625249,1
Cabarrus County,-186,19645.64788732394,4877,4691,133261,0.5585215175443008
"Montgomery, Bond, Clinton, Fayette & Effingham Counties",-188,28435.94444444446,2218,2030,142016,1
Northeast Lower Peninsula,-191,23565,2860,2669,NA,NA
Cochise & Santa Cruz Counties,-191,20987.857142857138,3592,3401,178766,1
Saline County,-192,35327.40983606557,1359,1167,107118,1
"Southwest Kansas--Dodge City, Garden City & Liberal City",-192,30645.200000000008,2840,2648,NA,NA
"Pettis, Randolph, Saline, Cooper, Howard, Carroll & Chariton Counties",-193,22346.685714285715,2459,2266,NA,NA
"Georgetown, Marion & Dillon Counties",-194,10736.17171717172,2537,2343,NA,NA
Mercer County,-194,27351.3962264151,4406,4212,366513,1
Atlanta Regional Commission,-195,26421.724137931036,3156,2961,132403,1
"Athens, Gallia & Meigs Counties",-195,28097.648148148146,1598,1403,NA,NA
Barnstable County,-196,27423.74468085107,2783,2587,131159,0.5406500546177786
"Jasper, Starke, Fulton, Newton & Pulaski Counties",-199,32128.416666666664,1624,1425,105323,1
Summit County,-200,25132.95652173912,6450,6250,541781,1
Imperial County,-200,18945.6724137931,3382,3182,174528,1
Muskingum & Perry Counties,-201,28917.677419354837,2456,2255,122132,1
Northwest Montana--Kalispell City,-204,26934.000000000004,1738,1534,NA,NA
"Oneida, Lincoln, Vilas, Langlade & Forest Counties",-204,23087.731707317074,1779,1575,NA,NA
Southeast Kansas,-207,23455.000000000022,2480,2273,NA,NA
Lorain County,-209,26386.999999999996,6484,6275,301356,1
DuPage County,-211,36102.07865168539,12115,11904,800475,0.8730003795298192
"Houston, Dale, Geneva & Henry Counties",-214,22120.000000000004,4424,4210,195890,1
Stark County,-214,24311.18644067797,7521,7307,404422,1
Elkhart County,-216,33131.622641509435,4048,3832,197559,1
Southwest New Mexico,-218,24235.943661971836,1629,1411,109465,1
West Piedmont Planning District Commission,-218,20823.600000000002,3728,3510,NA,NA
"Warren, Macon, Smith, DeKalb, Cannon & Trousdale Counties",-219,25528.347826086963,2206,1987,121647,1
Cumberland County,-221,24945.1219512195,10673,10452,319431,1
South Plains Association of Governments,-223,25465.85185185185,3219,2996,132828,1
"Independence, Cleburne, Van Buren, Sharp, Izard, Stone & Fulton Counties",-224,24029.125000000004,2361,2137,NA,NA
Cullman & Winston Counties,-224,21961.25773195876,1150,926,NA,NA
"Rhea, Marion, Sequatchie, Grundy, Bledsoe & Meigs Counties",-224,24758.372881355932,1595,1371,112490,1
"Northeast Vermont--Washington, Caledonia, Orleans, Lamoille & Essex Counties",-225,19779.2,2355,2130,NA,NA
Jackrabbit Region,-225,21858.217391304348,2445,2220,NA,NA
Kentucky River Area Development District,-225,26284.397727272728,1376,1151,NA,NA
Champaign County,-227,22332.78632478632,2638,2411,201081,1
Cattaraugus & Allegany Counties,-228,27107.739130434788,1971,1743,NA,NA
"Lenoir, Onslow",-230,25525.999999999996,7978,7748,219244,0.6140566095865473
Nevada & Sierra Counties,-231,21760.44186046512,1450,1219,NA,NA
Randolph County,-232,21645.85714285714,2565,2333,141752,1
"Carteret, Beaufort & Pamlico Counties",-232,27569.79310344826,2306,2074,127372,1
Coordinating & Development Corporation 4,-233,23644.6511627907,2625,2392,177829,1
Madera County,-235,41775.085106382976,1973,1738,150865,1
Stamford & Greenwich Towns,-237,22782.204819277114,11173,10936,183814,0.20048885888208162
"West Hartford, Farmington, Simsbury, Bloomfield, Avon & Canton Towns",-238,26318.625000000007,14210,13972,160995,0.18008107255591077
"Putnam, Overton, Jackson, Clay & Pickett Counties",-238,19506.890410958895,2089,1851,NA,NA
Mobile City,-240,24261.285714285717,7803,7563,218050,0.5279763288392996
"Marshall, Benton, Poweshiek, Tama & Iowa Counties",-241,29182.412698412696,2071,1830,119760,1
FIVCO Area Development District,-246,23353.829999999998,2458,2212,137884,1
Erie & Sandusky Counties,-247,33255.37777777777,2625,2378,NA,NA
San Luis Obispo County,-247,34433.76288659794,3871,3624,269637,1
"Cowlitz, Pacific & Wahkiakum Counties",-248,25319.905660377353,3417,3169,127308,1
"Logan, Champaign & Hardin Counties",-250,30292.076923076922,2905,2655,NA,NA
Northern New Hampshire--Grafton & Coos Counties,-253,36788.470588235294,2056,1803,NA,NA
"Marinette, Oconto, Door & Florence Counties",-255,24913.822222222225,2075,1820,111617,1
South Region,-255,25988.415094339623,2990,2735,139668,1
Houston-Galveston Area Council,-257,31051.42857142857,2039,1782,110739,1
Ottawa County,-259,30832.6,3726,3467,263801,1
Southside Planning District Commission & Commonwealth Regional Council,-262,24727.374999999996,2202,1940,382022,1
"Henry, Randolph, Jay & Blackford Counties",-272,26845.20987654319,2280,2008,NA,NA
Cuyahoga County,-276,23955.637931034486,27812,27536,881931,0.6889429288770914
Lincoln & Cleveland,-276,18290.333333333332,3982,3706,126359,1
Grays Harbor & Mason Counties,-277,33251.87640449438,2239,1962,NA,NA
North Delta Region,-278,10841.076923076927,1937,1659,124123,1
North Central Region,-279,17878.86486486487,1774,1495,NA,NA
37_4990,-282,23193.897959183676,3132,2850,NA,NA
Wright County,-284,41465.949999999975,2591,2307,124700,1
"Seneca, Crawford & Wyandot Counties",-284,22120.878787878788,2719,2435,NA,NA
Douglas County,-286,22575.75,2017,1731,110826,1
Orange County,-286,28486.530612244896,1689,1403,133801,1
"Northwest Maine--Oxford, Somerset, Franklin & Piscataquis Counties",-287,19756.25,2251,1964,NA,NA
"Orangeburg, Colleton, Barnwell, Hampton, Bamberg & Allendale Counties",-288,17898.882352941182,2467,2179,NA,NA
"Del Norte, Lassen, Modoc, Plumas & Siskiyou Counties",-288,19073.163636363635,2629,2341,NA,NA
LaSalle County,-288,28800.74074074075,2328,2040,NA,NA
St. Clair County,-289,25865.749999999905,5369,5080,270056,1
Blount County,-291,21169.983333333334,1995,1704,123010,1
Kings County,-291,25799.113924050627,3735,3444,152982,1
"Brown, Lyon, Redwood, Chippewa, Yellow Medicine, Lac qui Parle & Lincoln Counties",-292,27825.285714285714,2045,1753,NA,NA
Big Sandy Area Development District,-293,20069.428571428572,2104,1811,NA,NA
"South Region--Jones, Wayne, Covington, Greene & Jefferson Davis Counties",-295,22498.525423728817,1527,1232,NA,NA
Kisatchie Delta Regional Planning & Development District 1,-297,14088.64179104477,2070,1773,125814,1
South Delta Region,-302,15928.857142857141,2244,1942,NA,NA
"Campbell, Goshen, Platte, Johnson, Washakie, Weston, Crook & Niobrara Counties",-303,34492.52380952381,3424,3121,NA,NA
Barren River Area Development District,-304,25269.945054945056,2876,2572,170403,1
Ark-Tex COG,-304,14130.387387387387,2172,1868,123029,1
Roanoke Valley-Alleghany Regional Commission,-304,22261.910714285703,7967,7663,330918,1
Fayette County,-310,26109.65789473684,2150,1840,136606,1
Washington County,-312,33661.81818181818,1898,1586,122979,1
"Highland, Clinton & Adams Counties",-314,18856.863636363643,2153,1839,NA,NA
Deep East Texas COG,-319,17313.183098591544,1725,1406,117068,1
Somerset County,-320,38680.28571428572,2087,1767,323444,1
Central Idaho,-322,21782.727272727287,1979,1657,315471,1
Southwest Montana--Butte-Silver Bow & Helena City,-324,19586.764705882357,3576,3252,NA,NA
Sandoval County,-325,30826.8,1837,1512,131561,1
Sumner County,-327,31448,3432,3105,160645,1
Central Savannah River Area Regional Commission,-334,12732.47058823528,2315,1981,130299,1
Indiana & Armstrong Counties,-335,26918.0303030303,2187,1852,157821,1
"Sweetwater, Fremont, Uinta, Sublette & Hot Springs Counties--Wind River Reservation",-336,43588.33333333333,3595,3259,NA,NA
"Cache, Summit, Morgan & Rich Counties",-341,28114.117647058825,2517,2176,321426,1
Butte County,-345,20170.604651162794,4680,4335,220000,1
Lake County,-350,28012.43421052629,11138,10788,703462,1
Coastal Bend COG (Southeast) & Willacy County,-351,30951.705882352944,1701,1350,NA,NA
"Logan, Mingo, Wyoming & McDowell Counties",-356,24774.463768115937,1149,793,NA,NA
McHenry County,-360,36071.22784810127,5003,4643,308760,1
Southwest Georgia Regional Commission,-363,26126.275862068967,1938,1575,121673,1
"Clay, Sullivan, Parke, Fountain, Vermillion & Warren Counties",-363,21979.2,1813,1450,107664,1
"Dallas, Bibb, Marengo, Hale, Sumter, Perry & Greene Counties",-371,22980.450980392157,1767,1396,273842,1
East Texas COG,-372,28675.425,4142,3770,121730,1
Southwest Heartland,-373,23062.285714285714,4153,3780,150505,0.5939447274851124
"Three Rivers Region--Lee, Pontotoc & Union Counties--Tupelo City",-374,26381.999999999996,4059,3685,NA,NA
New River Valley Planning District Commission,-375,35794.02173913044,3191,2816,178237,1
Deschutes County,-376,24455,4180,3804,157733,1
Okaloosa County,-379,29789.8923076923,5570,5191,180822,1
Central Savannah River Area Regional Commission,-382,25555.285714285717,5456,5074,200549,1
Apalachee Region,-384,22124.285714285714,3144,2760,384148,1
Napa County,-386,32142.977272727272,2246,1860,136484,1
"Lincoln, Warren, Audrain, Pike & Montgomery Counties",-390,21940.030303030308,3183,2793,141360,1
Southwest Region,-391,20249.043478260868,1988,1597,NA,NA
Berrien County,-392,26444.540540540715,3589,3197,156813,1
Middlesex County,-393,32102.866666666683,8232,7839,809858,1
Florence & Darlington Counties,-393,18868.2857142857,4037,3644,205566,1
465_1,-396,42198.76388888889,396,0,NA,NA
40_700,-396,34090.88571428572,4512,4116,NA,NA
Kendall & Grundy Counties,-396,43026.30927835052,2853,2457,164799,1
"Eagle, Summit, Grand & Jackson Counties",-397,32141.171974522287,2610,2213,NA,NA
Hunterdon County,-397,41604,1364,967,128349,1
Matanuska-Susitna & Kenai Peninsula Boroughs,-398,45184.454545454486,3428,3030,144395,1
South Central Nebraska,-401,31657.387096774182,2525,2124,NA,NA
Guilford County,-405,18367.78723404254,9923,9518,247639,0.5070351306085511
Chatham & Lee Counties,-408,18241.26829268293,2123,1715,121371,1
Schenectady County,-409,18977.975609756097,2359,1950,154727,1
Lenawee & Hillsdale Counties,-410,21949.444444444445,3155,2745,NA,NA
"Adams, Pike, Brown, Schuyler & Mason Counties",-414,20647.28155339807,2074,1660,NA,NA
Saginaw County,-415,22939.957446808512,3918,3503,200169,1
Livingston County,-417,35815.07407407408,2629,2212,180967,1
South Texas Development Council,-420,19670.052631578947,3731,3311,250304,1
"Clinton, Franklin, Essex & Hamilton Counties",-423,27127.94520547945,3488,3065,NA,NA
Doa Ana County,-426,19415.014705882353,4196,3770,209233,1
"Boone High Country--Watauga, Ashe, Yancey, Avery & Mitchell Counties",-427,15810.983050847468,1933,1506,NA,NA
"Chilton, Tallapoosa, Chambers & Coosa Counties",-427,23428.000000000007,2331,1904,131013,1
KIPDA Area Development District,-430,37700.98305084747,4000,3570,217995,1
"Fremont, Chaffee, Park, Lake, Huerfano, Pueblo",-432,22169.1186440678,8687,8255,207552,0.45252017843360415
LENOWISCO & Cumberland Plateau Planning District Commissions,-436,23501.096153846156,2789,2353,208150,1
NYC-Staten Island Community District 1,-439,33610.321428571406,3661,3222,175756,0.37496213171761994
Southwest Alabama,-441,28977.069767441862,1618,1177,NA,NA
Atlanta Regional Commission,-446,58222.8406374502,1799,1353,106567,1
Blair & Huntingdon Counties,-453,27367.41860465116,2805,2352,173002,1
Monroe County,-455,31210.722222222223,2505,2050,169842,1
"Randolph, Upshur, Barbour, Lewis, Hardy, Grant, Pendleton & Tucker Counties",-464,19585.000000000004,1980,1516,NA,NA
Fond du Lac & Calumet Counties,-464,41610.13846153846,2785,2321,301208,1
Salem & Cumberland,-469,27660.799999999996,3399,2930,219066,0.6588173731030874
Subsistence Alaska,-477,32586,2591,2114,NA,NA
Cleveland County,-481,36853.87096774193,5761,5280,255755,1
"Raleigh, Mercer & Fayette Counties",-481,15681.325581395351,2892,2411,187162,1
East Central Kansas,-483,31733.855072463768,2543,2060,105081,1
"Cole, Callaway, Moniteau & Osage Counties",-485,27330.863636363636,2980,2495,149807,1
Washington & Ozaukee Counties,-487,35758.54347826087,3685,3198,218282,1
South Rhode Island,-490,32242.666666666668,1748,1258,126979,1
Panhandle Regional Planning Commission,-494,29620.814371257486,4144,3650,121073,1
"Holmes, Guernsey & Coshocton Counties",-499,30746.190476190477,2232,1733,NA,NA
Southeast Oklahoma,-513,21286.923076923093,3576,3063,180072,1
Madison & Chester Counties,-513,29657.6511627907,1445,932,115425,1
Columbia & Greene Counties,-514,10847.304347826077,1477,963,NA,NA
517_1,-533,24800.333333333332,533,0,NA,NA
503_1,-543,29773.35135135135,543,0,NA,NA
Ashtabula County,-555,29627.211538461535,1974,1419,NA,NA
"Jackson, Williamson, Franklin & Perry Counties",-569,25094.16666666666,3466,2897,188486,1
Albany County,-571,33310.433734939754,4984,4413,304204,1
611_1,-578,6304.666666666684,578,0,NA,NA
"Putnam, Boone & Lincoln Counties",-578,27517.625,1174,596,203670,1
"Walton, Washington, Holmes & Bay Counties",-583,22406.733333333334,7756,7173,537436,1
Merced County,-583,22997.63076923077,5827,5244,255793,1
Central Southeast New Mexico,-587,18048.034090909092,3400,2813,NA,NA
Passaic County,-592,30661.428571428583,5406,4814,501226,1
Essex County,-601,23853.575000000004,13322,12721,783969,1
Kalamazoo County,-602,23982.82456140348,5646,5044,250331,1
Hennepin County,-612,30077.07272727272,22840,22228,1152425,1
Dodge & Jefferson Counties,-613,24820,3637,3024,NA,NA
Panhandle & Northwest Oklahoma,-630,33440.41379310344,2398,1768,NA,NA
Racine County,-642,25895.29411764706,3697,3055,195408,1
Cameron County,-647,14945.191176470604,6287,5640,406220,1
Memphis City,-656,19025.058823529416,24892,24236,480219,0.5176759618991769
Heart of Georgia Altamaha Regional Commission (Southeast),-660,16159.050505050494,2826,2166,NA,NA
Burlington County,-663,28669.729166666668,6273,5610,448734,1
525_1,-683,21224.916666666657,683,0,NA,NA
540_1,-696,49502.51428571429,696,0,NA,NA
Central Region,-698,16926.666666666668,8140,7442,446775,1
Frederick County,-714,36715.666666666664,3702,2988,233385,1
262_1,-722,9321.461538461539,722,0,NA,NA
El Paso City,-735,24418.745762711864,16603,15868,661834,0.8266239678659884
Philadelphia City,-761,19779.93220338983,22861,22100,1526006,1
Anderson County,-771,21572.782608695656,4031,3260,187126,1
Montgomery County,-779,30437.5,12145,11366,971777,1
421_1,-781,34500.799999999996,781,0,NA,NA
Jackson County,-788,25792.830508474566,16492,15704,674158,1
213_1,-802,10777.615384615387,802,0,NA,NA
620_1,-812,19012.991071428565,812,0,NA,NA
San Mateo County,-835,31560.73228346457,7969,7134,718451,1
NYC-Bronx Community District 9,-843,23729.69696969699,21454,20611,181404,0.13096740470779175
Boston City,-871,22306.244897959274,10592,9721,617068,0.854637594647262
Ramsey County,-887,23654.656488549615,11238,10351,508640,1
542_1,-907,16928.5,907,0,NA,NA
Regional Planning Commission 6,-909,15762.44000000004,7809,6900,119996,0.3489990663963773
Nassau County,-959,31376.545454545467,9113,8154,1339532,1
St. Louis City,-962,18158.857142857123,10360,9398,319294,1
Lancaster County,-972,28454.37500000001,9033,8061,519445,1
"Greater Fairbanks, Greater Juneau, Ketchikan Gateway Borough & Road-Connected Alaska",-977,34039.269662921346,6298,5321,164300,1
219_1,-978,13677.478260869566,978,0,NA,NA
El Dorado County,-1064,33463.39743589744,3782,2718,181058,1
619_1,-1108,24045.000000000004,1108,0,NA,NA
Providence City,-1109,20459.766666666663,11184,10075,178042,0.28410942334605144
261_1,-1124,2335.6712328767126,1124,0,NA,NA
325_1,-1169,7302.9999999999945,1169,0,NA,NA
215_1,-1176,18954.500000000007,1176,0,NA,NA
438_1,-1227,23599.818181818184,1227,0,NA,NA
520_1,-1236,10816.363636363647,1236,0,NA,NA
419_1,-1275,31175.526315789473,1275,0,NA,NA
Hidalgo County,-1297,17019.338028169004,12269,10972,774769,1
Orange County,-1313,31634.697674418614,47052,45739,3010232,1
214_1,-1315,9723.307692307693,1315,0,NA,NA
Fairfax County,-1328,42759.75824175824,13869,12541,1116623,1
Wayne County,-1333,21446.1612903226,38427,37094,1132226,0.621902642229087
San Francisco County,-1374,21836.782608695652,8576,7202,805235,1
701_1,-1380,47774.25806451613,1380,0,NA,NA
263_1,-1427,15262.555555555555,1427,0,NA,NA
518_1,-1428,19184.5,1428,0,NA,NA
290_1,-1457,20370.279411764706,1457,0,NA,NA
Alameda County,-1498,36364.23140495867,20361,18863,1510271,1
Santa Clara County,-1503,35205.126760563435,20366,18863,1781642,1
Coordinating & Development Corporation 1,-1525,23372.29850746269,5138,3613,131071,0.5140664159172291
599_1,-1577,14216.157894736865,1577,0,NA,NA
Suffolk County,-1654,39233.382978723384,10837,9183,1493350,1
410_1,-1715,42231.07692307691,1715,0,NA,NA
315_1,-1827,25594.53846153847,1827,0,NA,NA
515_1,-1889,26624,1889,0,NA,NA
900_1,-1889,33188.71604938272,1889,0,NA,NA
523_1,-1898,24687.473684210527,1898,0,NA,NA
413_1,-1981,61627.37500000001,1981,0,NA,NA
429_1,-2014,32570.0202020202,2014,0,NA,NA
519_1,-2069,21640,2069,0,NA,NA
699_1,-2097,18660.13253012048,2097,0,NA,NA
District of Columbia,-2137,26248.499999999993,9143,7006,601723,1
435_1,-2170,24160.74193548387,2170,0,NA,NA
NYC-Queens Community District 7,-2212,26480.171428571393,24394,22182,248328,0.11132180522718653
459_1,-2340,31410.41666666668,2340,0,NA,NA
Atlanta Regional Commission,-2456,21313.377777777772,37332,34876,1612474,1
Anchorage Municipality,-2706,32298.275862068964,11438,8732,291826,1
390_1,-2803,16625.500000000004,2803,0,NA,NA
621_1,-2815,9160.344827586207,2815,0,NA,NA
250_1,-2888,7216.483870967727,2888,0,NA,NA
Miami-Dade County,-3199,19511.587412587487,46138,42939,2468234,0.9605798737120674
San Diego County,-3453,30360.719999999998,58495,55042,3095313,1
551_1,-3699,32513.882352941197,3699,0,NA,NA
521_1,-3865,31600.28205128202,3865,0,NA,NA
Chicago City,-4094,24913.931297709925,88734,84640,2634607,0.5071745585623739
NYC-Brooklyn Community District 18,-4275,24984.000000000004,27738,23463,193723,0.07734379366790434
NYC-Manhattan Community District 8,-4527,23630.9999999999,14500,9973,219920,0.13867440835426292
150_1,-4587,44487.99999999996,4587,0,NA,NA
500_1,-4788,31302.851851851854,4788,0,NA,NA
501_1,-5423,32236.89473684211,5423,0,NA,NA
502_1,-5912,32607.862068965493,5912,0,NA,NA
453_1,-6724,31878.500000000004,6724,0,NA,NA
543_1,-7417,35957.4054054054,7417,0,NA,NA
110_2,-7802,13085.78070175439,7802,0,NA,NA
Los Angeles County,-9673,25318.74999999996,150579,140906,9818605,1
200_1,-13241,13054.742857142926,13241,0,NA,NA
